"id","shopName","category","phone","website","address","rating","reviews","siteStatus","status","ownerName","email","techStack","opportunity","mapsUrl","dateAdded"
"lead_lead_1787743439075_0","Unknown Business","Local Business","+92 332 2368911","None","Not Found","N/A","0","Missing Website","New","Not Listed","Not Found","None","New Custom Website Development + WhatsApp Lead Bot","https://www.google.com/maps/search/clothing%20in%20gulshan%20e%20hadeed","2026-08-26 11:24"
"lead_lead_1787743439076_1","Black & Black Garment","Clothing store","+92 335 2819382","None","
V992+V3X, A To Z Rd, Gulshan e Hadeed Phase 1 Phase 1 Bin Qasim Town, Karachi, Pakistan","N/A","0","Missing Website","New","Not Listed","Not Found","None","New Custom Website Development + WhatsApp Lead Bot","https://www.google.com/maps/place/Black+%26+Black+Garment/@24.8666875,67.3405503,16z/data=!4m10!1m2!2m1!1sclothing+in+gulshan+e+hadeed!3m6!1s0x3eb33322154d5a63:0xb5a6c658ed0df8fc!8m2!3d24.8697485!4d67.3502325!15sChxjbG90aGluZyBpbiBndWxzaGFuIGUgaGFkZWVkWh4iHGNsb3RoaW5nIGluIGd1bHNoYW4gZSBoYWRlZWSSAQ5jbG90aGluZ19zdG9yZZoBJENoZERTVWhOTUc5blMwVkpRMEZuU1VOb1gzRkxOM1ZSUlJBQuABAPoBBAgAEBk!16s%2Fg%2F11kb71sh9p?entry=ttu&g_ep=EgoyMDI2MDgyMy4wIKXMDSoASAFQAw%3D%3D","2026-08-26 11:24"
"lead_lead_1787743440907_2","Inked Wear","Clothing store","+92 312 1119189","http://www.inkedwearpk.com/","
13 Commercial Market Lane 2, Phase 2 Gulshan e Hadeed Phase 2 Bin Qasim Town, Karachi, Pakistan","N/A","0","Insecure (HTTP)","New","Not Listed","support@inkedwearpk.com","React/Next.js","SSL Migration & Security Upgrade","https://www.google.com/maps/place/Inked+Wear/@24.8709895,67.351015,16z/data=!4m10!1m2!2m1!1sclothing+in+gulshan+e+hadeed!3m6!1s0x3eb333001e2b3deb:0xedce1992cbb5337a!8m2!3d24.8709895!4d67.3600272!15sChxjbG90aGluZyBpbiBndWxzaGFuIGUgaGFkZWVkWh4iHGNsb3RoaW5nIGluIGd1bHNoYW4gZSBoYWRlZWSSAQ5jbG90aGluZ19zdG9yZZoBRENpOURRVWxSUVVOdlpFTm9kSGxqUmpsdlQyeE9jVTVIYkZkVmEzaFVVMFpzYUdNeFRYUmtWRXB2WkdzMVExSnVZeEFC4AEA-gEECAAQQA!16s%2Fg%2F11mlcftk38?entry=ttu&g_ep=EgoyMDI2MDgyMy4wIKXMDSoASAFQAw%3D%3D","2026-08-26 11:24"
"lead_lead_1787743439076_3","H&I Garments","Clothing store","+92 305 9890373","None","
Plot A, V89X+WX7 Al Hadeed Masjid, 1583, Gulshan e Hadeed Phase 1 Phase 1 Bin Qasim Town, Karachi, Pakistan","N/A","0","Missing Website","New","Not Listed","Not Found","None","New Custom Website Development + WhatsApp Lead Bot","https://www.google.com/maps/place/H%26I+Garments/@24.869357,67.3413624,16z/data=!4m10!1m2!2m1!1sclothing+in+gulshan+e+hadeed!3m6!1s0x3eb333004ce665cd:0xa4a1ee38f811eb21!8m2!3d24.869357!4d67.3503746!15sChxjbG90aGluZyBpbiBndWxzaGFuIGUgaGFkZWVkWh4iHGNsb3RoaW5nIGluIGd1bHNoYW4gZSBoYWRlZWSSAQ5jbG90aGluZ19zdG9yZZoBRENpOURRVWxSUVVOdlpFTm9kSGxqUmpsdlQydzVZVlpFVG5wVGJHYzFUV3hLVDJORVJsVlJNVzh6VkVVNGVsb3lZeEFC4AEA-gEECAAQQQ!16s%2Fg%2F11wj0z4g9t?entry=ttu&g_ep=EgoyMDI2MDgyMy4wIKXMDSoASAFQAw%3D%3D","2026-08-26 11:24"
"lead_lead_1787743439076_4","SHAIKH SONS CLOTHES","Clothing store","Not Found","None","
Plot A 432, Gulshan e Hadeed Phase 1 Phase 1 Bin Qasim Town, Karachi, Pakistan","N/A","0","Missing Website","New","Not Listed","Not Found","None","New Custom Website Development + WhatsApp Lead Bot","https://www.google.com/maps/place/SHAIKH+SONS+CLOTHES/@24.869357,67.3413624,16z/data=!4m10!1m2!2m1!1sclothing+in+gulshan+e+hadeed!3m6!1s0x3eb33395cbd099ef:0x9806596cf7de2790!8m2!3d24.8683317!4d67.3517598!15sChxjbG90aGluZyBpbiBndWxzaGFuIGUgaGFkZWVkkgEOY2xvdGhpbmdfc3RvcmXgAQA!16s%2Fg%2F11p_1y_y0r?entry=ttu&g_ep=EgoyMDI2MDgyMy4wIKXMDSoASAFQAw%3D%3D","2026-08-26 11:24"
"lead_lead_1787743440825_5","Diners (Hadeed Outlet)","Clothing store","Not Found","https://diners.com.pk/","
Gulshan-e-Hadeed Gulshan e Hadeed Phase 3 Bin Qasim Town, Karachi, Pakistan","N/A","0","Outdated Site","New","Not Listed","cs@diners.com.pk","Shopify, React/Next.js","Modern Website Redesign & UI Upgrade","https://www.google.com/maps/place/Diners+(Hadeed+Outlet)/@24.869357,67.3413624,16z/data=!4m10!1m2!2m1!1sclothing+in+gulshan+e+hadeed!3m6!1s0x3eb33356770b8f45:0x768deae81a7de5e2!8m2!3d24.8634375!4d67.3504375!15sChxjbG90aGluZyBpbiBndWxzaGFuIGUgaGFkZWVkWh4iHGNsb3RoaW5nIGluIGd1bHNoYW4gZSBoYWRlZWSSAQ5jbG90aGluZ19zdG9yZZoBJENoZERTVWhOTUc5blMwVkpRMEZuU1VOU2NWcFRlblZCUlJBQuABAPoBBAgAECc!16s%2Fg%2F11ssdptry6?entry=ttu&g_ep=EgoyMDI2MDgyMy4wIKXMDSoASAFQAw%3D%3D","2026-08-26 11:24"
"lead_lead_1787743439076_6","Happy Fashion","Boutique","+92 324 2760430","None","
Commercial Market, karachi, Gulshan e Hadeed Phase 1 Phase 1 Bin Qasim Town, Karachi, Pakistan","N/A","0","Missing Website","New","Not Listed","Not Found","None","New Custom Website Development + WhatsApp Lead Bot","https://www.google.com/maps/place/Happy+Fashion/@24.869357,67.3413624,16z/data=!4m10!1m2!2m1!1sclothing+in+gulshan+e+hadeed!3m6!1s0x3eb333c7b2a06449:0x8d6a607500c4340f!8m2!3d24.8685084!4d67.3514605!15sChxjbG90aGluZyBpbiBndWxzaGFuIGUgaGFkZWVkWh4iHGNsb3RoaW5nIGluIGd1bHNoYW4gZSBoYWRlZWSSAQhib3V0aXF1ZZoBRENpOURRVWxSUVVOdlpFTm9kSGxqUmpsdlQyMDRNR1J1VG5wUlZXZDVZekF4VDFWVVdYZGtNRFEwWkROa2RXSXdSUkFC4AEA-gEECAAQIg!16s%2Fg%2F11xd1y0h4v?entry=ttu&g_ep=EgoyMDI2MDgyMy4wIKXMDSoASAFQAw%3D%3D","2026-08-26 11:24"
"lead_lead_1787743439076_7","clothing store","Clothing store","Not Found","None","
Qasim, B-424 Gulshan e Hadeed Phase 2 Bin Qasim Town, Bin, Gulshan e Hadeed Phase 2 town, Karachi, 75010, Pakistan","N/A","0","Missing Website","New","Not Listed","Not Found","None","New Custom Website Development + WhatsApp Lead Bot","https://www.google.com/maps/place/clothing+store/@24.869357,67.3413624,16z/data=!4m10!1m2!2m1!1sclothing+in+gulshan+e+hadeed!3m6!1s0x3eb333ce013f30f9:0x54db95be4f3df424!8m2!3d24.8717331!4d67.3592771!15sChxjbG90aGluZyBpbiBndWxzaGFuIGUgaGFkZWVkkgEOY2xvdGhpbmdfc3RvcmXgAQA!16s%2Fg%2F11wbshwmt6?entry=ttu&g_ep=EgoyMDI2MDgyMy4wIKXMDSoASAFQAw%3D%3D","2026-08-26 11:24"
"lead_lead_1787743439076_8","My Garments Shop","Clothing store","+92 300 2121202","None","
A813, Gulshan-e-Hadeed Phase 1 Bin Qasim Town, Karachi, Pakistan","N/A","0","Missing Website","New","Not Listed","Not Found","None","New Custom Website Development + WhatsApp Lead Bot","https://www.google.com/maps/place/My+Garments+Shop/@24.8717331,67.3502649,16z/data=!4m10!1m2!2m1!1sclothing+in+gulshan+e+hadeed!3m6!1s0x3eb333d50bcf1695:0x6d9d703a84f19ee8!8m2!3d24.8701869!4d67.3549926!15sChxjbG90aGluZyBpbiBndWxzaGFuIGUgaGFkZWVkWh4iHGNsb3RoaW5nIGluIGd1bHNoYW4gZSBoYWRlZWSSAQ5jbG90aGluZ19zdG9yZeABAA!16s%2Fg%2F11fjbl5hxq?entry=ttu&g_ep=EgoyMDI2MDgyMy4wIKXMDSoASAFQAw%3D%3D","2026-08-26 11:24"
"lead_lead_1787743439076_9","Raji Fashion","Youth clothing store","+92 333 2108211","None","
A855, Phase 2 Gulshan e Hadeed Phase 2 Bin Qasim Town, Karachi, 75010, Pakistan","N/A","0","Missing Website","New","Not Listed","Not Found","None","New Custom Website Development + WhatsApp Lead Bot","https://www.google.com/maps/place/Raji+Fashion/@24.8717331,67.3502649,16z/data=!4m10!1m2!2m1!1sclothing+in+gulshan+e+hadeed!3m6!1s0x3eb3332bd6b05f89:0x34c5ba6be6566b0a!8m2!3d24.8706005!4d67.3648903!15sChxjbG90aGluZyBpbiBndWxzaGFuIGUgaGFkZWVkkgEUeW91dGhfY2xvdGhpbmdfc3RvcmXgAQA!16s%2Fg%2F11kl485gtm?entry=ttu&g_ep=EgoyMDI2MDgyMy4wIKXMDSoASAFQAw%3D%3D","2026-08-26 11:24"
"lead_lead_1787743439076_10","S.boutique","Women's clothing store","Not Found","None","
V9C9+C5H, Side Rd, Phase 2 Gulshan e Hadeed Phase 2 Bin Qasim Town, Karachi, Pakistan","N/A","0","Missing Website","New","Not Listed","Not Found","None","New Custom Website Development + WhatsApp Lead Bot","https://www.google.com/maps/place/S.boutique/@24.8706005,67.3558781,16z/data=!4m10!1m2!2m1!1sclothing+in+gulshan+e+hadeed!3m6!1s0x3eb3333aa624d925:0xcca11f2ee037ee63!8m2!3d24.87106!4d67.3679951!15sChxjbG90aGluZyBpbiBndWxzaGFuIGUgaGFkZWVkWh4iHGNsb3RoaW5nIGluIGd1bHNoYW4gZSBoYWRlZWSSARV3b21lbnNfY2xvdGhpbmdfc3RvcmXgAQA!16s%2Fg%2F11cnc4htqn?entry=ttu&g_ep=EgoyMDI2MDgyMy4wIKXMDSoASAFQAw%3D%3D","2026-08-26 11:24"
"lead_lead_1787743439076_11","Dubai cloth","Women's clothing store","+92 315 2967443","None","
V993+HF9, Gulshan-e-Hadeed Phase 1 Bin Qasim Town, Karachi, Pakistan","N/A","0","Missing Website","New","Not Listed","Not Found","None","New Custom Website Development + WhatsApp Lead Bot","https://www.google.com/maps/place/Dubai+cloth/@24.8706005,67.3558781,16z/data=!4m10!1m2!2m1!1sclothing+in+gulshan+e+hadeed!3m6!1s0x3eb333007bb94e0d:0x8ebf40ffd2113cd1!8m2!3d24.8689168!4d67.3537305!15sChxjbG90aGluZyBpbiBndWxzaGFuIGUgaGFkZWVkWh4iHGNsb3RoaW5nIGluIGd1bHNoYW4gZSBoYWRlZWSSARV3b21lbnNfY2xvdGhpbmdfc3RvcmWaAURDaTlEUVVsUlFVTnZaRU5vZEhsalJqbHZUMjA1ZVdKdVJtbGlNMDVwWWtWNE1FMHlOVlJqVkZKeVVsZG9RMlJyUlJBQuABAPoBBAgAEC0!16s%2Fg%2F11x_4wclsm?entry=ttu&g_ep=EgoyMDI2MDgyMy4wIKXMDSoASAFQAw%3D%3D","2026-08-26 11:24"
"lead_lead_1787743445082_12","Aruumaah ( The Origin of Fashion )","Clothing store","+92 330 1247933","https://www.aruumaah.pk/","
Gulshan e hadeed Bin Qasim Karachi Phase 2, Gulshan e Hadeed Phase 2 Bin Qasim Town, Karachi, 75050, Pakistan","N/A","0","Inaccessible / Down","New","Not Listed","Not Found","Unknown","Website Rebuild & Hosting Restoration","https://www.google.com/maps/place/Aruumaah+(+The+Origin+of+Fashion+)/@24.8689168,67.3447183,16z/data=!4m10!1m2!2m1!1sclothing+in+gulshan+e+hadeed!3m6!1s0xa0b01943b19068e7:0x754f77c6b6836d30!8m2!3d24.8751964!4d67.3641581!15sChxjbG90aGluZyBpbiBndWxzaGFuIGUgaGFkZWVkWh4iHGNsb3RoaW5nIGluIGd1bHNoYW4gZSBoYWRlZWSSAQ5jbG90aGluZ19zdG9yZZoBRENpOURRVWxSUVVOdlpFTm9kSGxqUmpsdlQycFdiR1ZxVGpGVmVtaHhXbTB4TmxVd2FIZFRhMVV4Vlc1a2QxUklZeEFC4AEA-gEECAAQOg!16s%2Fg%2F11wty04xzz?entry=ttu&g_ep=EgoyMDI2MDgyMy4wIKXMDSoASAFQAw%3D%3D","2026-08-26 11:24"
"lead_lead_1787743441005_13","Chase Up Mini - Gulshan-e-Hadeed","Hypermarket","+92 21 38909936","http://www.chaseupgrocery.com/","
Gulshan-e-Hadeed Phase 2 Extension, Side Rd, Gulshan-e-Hadeed Gulshan e Hadeed Phase 3 Bin Qasim Town, Karachi, Pakistan","N/A","0","Insecure (HTTP)","New","Not Listed","Not Found","React/Next.js","SSL Migration & Security Upgrade","https://www.google.com/maps/place/Chase+Up+Mini+-+Gulshan-e-Hadeed/@24.8681787,67.3416013,16z/data=!4m10!1m2!2m1!1sclothing+in+gulshan+e+hadeed!3m6!1s0x3eb33308170d32ad:0x9fadfe2e5faee5be!8m2!3d24.866355!4d67.3574114!15sChxjbG90aGluZyBpbiBndWxzaGFuIGUgaGFkZWVkWh4iHGNsb3RoaW5nIGluIGd1bHNoYW4gZSBoYWRlZWSSAQtoeXBlcm1hcmtldOABAA!16s%2Fg%2F11pdk3r9f1?entry=ttu&g_ep=EgoyMDI2MDgyMy4wIKXMDSoASAFQAw%3D%3D","2026-08-26 11:24"
"lead_lead_1787743439076_14","The Student Mart","Uniform store","+92 21 34716633","None","
B 115, Gulshan e Hadeed Phase 1 Phase 1 Bin Qasim Town, Karachi, Pakistan","N/A","0","Missing Website","New","Not Listed","Not Found","None","New Custom Website Development + WhatsApp Lead Bot","https://www.google.com/maps/place/The+Student+Mart/@24.8681787,67.3416013,16z/data=!4m10!1m2!2m1!1sclothing+in+gulshan+e+hadeed!3m6!1s0x3eb3331b549e9b6b:0xfb4dd420b1881f23!8m2!3d24.8642767!4d67.350337!15sChxjbG90aGluZyBpbiBndWxzaGFuIGUgaGFkZWVkWh4iHGNsb3RoaW5nIGluIGd1bHNoYW4gZSBoYWRlZWSSAQ11bmlmb3JtX3N0b3Jl4AEA!16s%2Fg%2F11fk26qm1w?entry=ttu&g_ep=EgoyMDI2MDgyMy4wIKXMDSoASAFQAw%3D%3D","2026-08-26 11:24"
"lead_lead_1787743439916_15","Dressy Idea","Clothing store","+92 314 8097568","https://www.facebook.com/Dressy.Idea","
A-2173, Phase 2 Gulshan e Hadeed Phase 3 Bin Qasim Town, Karachi, 75010, Pakistan","N/A","0","Inaccessible / Down","New","Not Listed","Not Found","Unknown","Website Rebuild & Hosting Restoration","https://www.google.com/maps/place/Dressy+Idea/@24.8642767,67.3413248,16z/data=!4m10!1m2!2m1!1sclothing+in+gulshan+e+hadeed!3m6!1s0x3eb333de334c8585:0xc5bd8f3089cfcd1b!8m2!3d24.8743238!4d67.3640843!15sChxjbG90aGluZyBpbiBndWxzaGFuIGUgaGFkZWVkkgEOY2xvdGhpbmdfc3RvcmXgAQA!16s%2Fg%2F11sqsc8p48?entry=ttu&g_ep=EgoyMDI2MDgyMy4wIKXMDSoASAFQAw%3D%3D","2026-08-26 11:24"
"lead_lead_1787743439628_16","Memon Fancy Shopping Center","Fabric store","+92 313 1167800","http://www.memonfancy.com/","
Near 1, Commercial Market, 2 A-431 Badar Road, Gulshan-e-Hadeed Phase 1 Bin Qasim Town, Karachi, 75010, Pakistan","N/A","0","Inaccessible / Down","New","Not Listed","Not Found","Unknown","Website Rebuild & Hosting Restoration","https://www.google.com/maps/place/Memon+Fancy+Shopping+Center/@24.8642767,67.3413248,16z/data=!4m11!1m3!2m2!1sclothing+in+gulshan+e+hadeed!6e6!3m6!1s0x3eb33317434851a1:0x412ba9ba2a75f1f8!8m2!3d24.868542!4d67.3514787!15sChxjbG90aGluZyBpbiBndWxzaGFuIGUgaGFkZWVkWh4iHGNsb3RoaW5nIGluIGd1bHNoYW4gZSBoYWRlZWSSAQxmYWJyaWNfc3RvcmWaASNDaFpEU1VoTk1HOW5TMFZKUTBGblNVTkNOM1V0ZG1ObkVBReABAPoBBAgAEEk!16s%2Fg%2F11g9gn2q9d?entry=ttu&g_ep=EgoyMDI2MDgyMy4wIKXMDSoASAFQAw%3D%3D","2026-08-26 11:24"
"lead_lead_1787743439076_17","Galaxy Wholesale Point","Women's clothing store","Not Found","None","
Plot A 1582, Gulshan e Hadeed Phase 1 Phase 1 Bin Qasim Town, Karachi, Pakistan","N/A","0","Missing Website","New","Not Listed","Not Found","None","New Custom Website Development + WhatsApp Lead Bot","https://www.google.com/maps/place/Galaxy+Wholesale+Point/@24.8743238,67.3550721,16z/data=!4m11!1m3!2m2!1sclothing+in+gulshan+e+hadeed!6e6!3m6!1s0x3eb333721eeb5bc5:0xeb661e3dbfc3b6a1!8m2!3d24.8692551!4d67.3504092!15sChxjbG90aGluZyBpbiBndWxzaGFuIGUgaGFkZWVkkgEVd29tZW5zX2Nsb3RoaW5nX3N0b3Jl4AEA!16s%2Fg%2F11khs37vpm?entry=ttu&g_ep=EgoyMDI2MDgyMy4wIKXMDSoASAFQAw%3D%3D","2026-08-26 11:24"
"lead_lead_1787743439076_18","Sohail Peko Centre","Clothing store","+92 313 1167800","None","
Phase 2 Gulshan e Hadeed Phase 2 Bin Qasim Town, Karachi, Pakistan","N/A","0","Missing Website","New","Not Listed","Not Found","None","New Custom Website Development + WhatsApp Lead Bot","https://www.google.com/maps/place/Sohail+Peko+Centre/@24.8746875,67.3554253,16z/data=!4m11!1m3!2m2!1sclothing+in+gulshan+e+hadeed!6e6!3m6!1s0x3eb333f942b7cc33:0x5fc5bef96687e726!8m2!3d24.8746875!4d67.3644375!15sChxjbG90aGluZyBpbiBndWxzaGFuIGUgaGFkZWVkkgEOY2xvdGhpbmdfc3RvcmXgAQA!16s%2Fg%2F11r4p_qjkg?entry=ttu&g_ep=EgoyMDI2MDgyMy4wIKXMDSoASAFQAw%3D%3D","2026-08-26 11:24"
"lead_lead_1787743441798_19","Eazyby.shop","Women's clothing store","+92 310 2207789","https://eazyby.shop/","
Gulshan-e-Hadeed Phase 1 Bin Qasim Town, Karachi, 75010, Pakistan","N/A","0","Outdated Site","New","Not Listed","Not Found","WordPress, Elementor","Modern Website Redesign & UI Upgrade","https://www.google.com/maps/place/Eazyby.shop/@24.8642767,67.3413248,16z/data=!4m11!1m3!2m2!1sclothing+in+gulshan+e+hadeed!6e6!3m6!1s0x3eb3333ee1685d81:0x6c2e99f194414b3b!8m2!3d24.8660554!4d67.354699!15sChxjbG90aGluZyBpbiBndWxzaGFuIGUgaGFkZWVkkgEVd29tZW5zX2Nsb3RoaW5nX3N0b3Jl4AEA!16s%2Fg%2F11zd8mydyf?entry=ttu&g_ep=EgoyMDI2MDgyMy4wIKXMDSoASAFQAw%3D%3D","2026-08-26 11:24"
"lead_lead_1787743439076_20","Abro Fashion","Clothing store","Not Found","None","
Plot A 2093, Phase, 2, Gulshan-e-Hadeed Gulshan e Hadeed Phase 2 Bin Qasim Town, Karachi, Pakistan","N/A","0","Missing Website","New","Not Listed","Not Found","None","New Custom Website Development + WhatsApp Lead Bot","https://www.google.com/maps/place/Abro+Fashion/@24.8746875,67.3554253,16z/data=!4m11!1m3!2m2!1sclothing+in+gulshan+e+hadeed!6e6!3m6!1s0x3eb333265305112f:0x4d7f8068dd285174!8m2!3d24.8745736!4d67.3646047!15sChxjbG90aGluZyBpbiBndWxzaGFuIGUgaGFkZWVkkgEOY2xvdGhpbmdfc3RvcmXgAQA!16s%2Fg%2F11k9_mps_0?entry=ttu&g_ep=EgoyMDI2MDgyMy4wIKXMDSoASAFQAw%3D%3D","2026-08-26 11:24"
"lead_lead_1787743439076_21","Meezab Garaments","Clothing store","Not Found","None","
V992+V4F, Bata Moor Road, Gulshan e Hadeed Phase 1 Phase 1 Bin Qasim Town, Karachi, Pakistan","N/A","0","Missing Website","New","Not Listed","Not Found","None","New Custom Website Development + WhatsApp Lead Bot","https://www.google.com/maps/place/Meezab+Garaments/@24.8692551,67.341397,16z/data=!4m11!1m3!2m2!1sclothing+in+gulshan+e+hadeed!6e6!3m6!1s0x3eb33300732877a3:0x58a851cfa4c4b450!8m2!3d24.869677!4d67.350293!15sChxjbG90aGluZyBpbiBndWxzaGFuIGUgaGFkZWVkkgEOY2xvdGhpbmdfc3RvcmXgAQA!16s%2Fg%2F11nbw8rr_b?entry=ttu&g_ep=EgoyMDI2MDgyMy4wIKXMDSoASAFQAw%3D%3D","2026-08-26 11:24"
"lead_lead_1787743439076_22","Ferio Clothing Official","Women's clothing store","+92 318 2806575","None","
Phase 2 Gulshan e Hadeed Phase 2 Bin Qasim Town, Karachi, 75010, Pakistan","N/A","0","Missing Website","New","Not Listed","Not Found","None","New Custom Website Development + WhatsApp Lead Bot","https://www.google.com/maps/place/Ferio+Clothing+Official/@24.8746875,67.3554253,16z/data=!4m11!1m3!2m2!1sclothing+in+gulshan+e+hadeed!6e6!3m6!1s0x3eb333b2441609b7:0x8a8b3f3e147e9d9f!8m2!3d24.8743644!4d67.3637834!15sChxjbG90aGluZyBpbiBndWxzaGFuIGUgaGFkZWVkkgEVd29tZW5zX2Nsb3RoaW5nX3N0b3Jl4AEA!16s%2Fg%2F11tbz4824r?entry=ttu&g_ep=EgoyMDI2MDgyMy4wIKXMDSoASAFQAw%3D%3D","2026-08-26 11:24"
"lead_lead_1787743440039_23","Ecochic","Clothing store","+92 334 3262444","http://www.ecochic.pk/","
V982+W88, A-1757, Gulshan e Hadeed Phase 1 Phase 1 Bin Qasim Town, Karachi, Pakistan","N/A","0","Inaccessible / Down","New","Not Listed","Not Found","Unknown","Website Rebuild & Hosting Restoration","https://www.google.com/maps/place/Ecochic/@24.8746875,67.3554253,16z/data=!4m11!1m3!2m2!1sclothing+in+gulshan+e+hadeed!6e6!3m6!1s0x3eb3330005ce371d:0x7b22217cb75b7849!8m2!3d24.8673755!4d67.3508839!15sChxjbG90aGluZyBpbiBndWxzaGFuIGUgaGFkZWVkWh4iHGNsb3RoaW5nIGluIGd1bHNoYW4gZSBoYWRlZWSSAQ5jbG90aGluZ19zdG9yZZoBJENoZERTVWhOTUc5blMwVkpRMEZuU1VSWWFXSnBkbmhSUlJBQuABAPoBBAhiEDk!16s%2Fg%2F11ltvg7mrg?entry=ttu&g_ep=EgoyMDI2MDgyMy4wIKXMDSoASAFQAw%3D%3D","2026-08-26 11:24"
"lead_lead_1787743439076_24","Al-Makka Cloth shop","Clothing store","+92 334 3245164","None","
Shop #2 Imran Siyal Rd, Sandila Colony Phase 1 Bin Qasim Town, Karachi, 75010, Pakistan","N/A","0","Missing Website","New","Not Listed","Not Found","None","New Custom Website Development + WhatsApp Lead Bot","https://www.google.com/maps/place/Al-Makka+Cloth+shop/@24.8673755,67.3418717,16z/data=!4m11!1m3!2m2!1sclothing+in+gulshan+e+hadeed!6e6!3m6!1s0x3eb3331777ac560b:0xc5a6a22a209be3c1!8m2!3d24.8688211!4d67.3531649!15sChxjbG90aGluZyBpbiBndWxzaGFuIGUgaGFkZWVkkgEOY2xvdGhpbmdfc3RvcmXgAQA!16s%2Fg%2F11gd8_nwkd?entry=ttu&g_ep=EgoyMDI2MDgyMy4wIKXMDSoASAFQAw%3D%3D","2026-08-26 11:24"